ZINST22,UCTMT,WSTM1,WSTM2,WSTM3,ZINST102,extra value 0,extra value 1,extra value 2,extra value 3,extra value 4,extra value 5,extra value 6,extra value 7,extra value 8,extra value 9
2.07918119430542,34.5,0.0,0.0,0.0,9.999999974752427e-07,-4681035254051.541,-3821310550.945383,-10105057166.140009,-4204771142.5044756,-1830974543.713615,-2486601885.3669114,-1311963056.057826,-648822310.8843594,-15009068.449463388,-8685115.934378423
6.323831558227539,133.47158813476562,921.8010864257812,924.0718994140624,928.2133178710938,0.0029992361087352,208792244611172.56,4752088880.986081,35149336213.361855,4927651126.480809,2643725018.0540595,845109315.3784852,2506530094.7440486,1539048385.0915604,15793034.299358077,17280368.535676286
