ZINST22,UCTMT,WSTM1,WSTM2,WSTM3,ZINST102
2.07918119430542,34.5,0.0,0.0,0.0,9.999999974752427e-07
6.323831558227539,133.47158813476562,921.8010864257812,924.0718994140624,928.2133178710938,0.0029992361087352
