ZINST22,UCTMT,WSTM1,WSTM2,WSTM3,ZINST102,extra value 0,extra value 1,extra value 2,extra value 3,extra value 4,extra value 5,extra value 6,extra value 7,extra value 8,extra value 9
2.07918119430542,34.5,0.0,0.0,0.0,9.999999974752427e-07,-4314643377809.42,-3638854346.004772,-10173069409.204058,-4154763908.658213,-1771541257.9610994,-2468144207.68711,-1287139004.4324746,-649289403.9388565,-15952063.231423626,-9232271.717480002
6.323831558227539,133.47158813476562,921.8010864257812,924.0718994140624,928.2133178710938,0.0029992361087352,209158636483841.38,5157215751.928581,35020248300.52064,5411777687.23502,2738707950.832599,959755207.3288158,2361818527.070019,1747817258.3688385,12720720.599011147,18081134.33593996
