extra value 0,extra value 1,extra value 2,extra value 3,extra value 4,extra value 5,extra value 6,extra value 7,extra value 8,extra value 9
-7385369119273.462,-3827119481.8818426,-16213402585.267895,-4093372579.3571844,-2344399226.107167,-2722441794.2205834,-2029013409.8777728,-756944908.6251009,-14946893.834477963,-14000577.65407626
235973182176150.53,15435929601.532772,44069091112.76663,5071318712.810721,2883275791.487798,937516757.3480523,2712842265.556073,1136186082.5595899,15528234.031529155,5772307.173310314
